...1,Country,Energy_type,Year,Energy_consumption,Energy_production,GDP,Population,Energy_intensity_per_capita,Energy_intensity_by_GDP,CO2_emission,latitude,longitude
54054,World,all_energy_types,2019,601.0404899538854,611.5089686476265,127690.247059,7714631.06383,77.90916830382986,4.707019555504277,35584.933497695,NA,NA
54060,Afghanistan,all_energy_types,2019,0.12274842133951255,0.05521030952760256,79.4546,38050.9,3.225900605229116,1.544887537531025,9.391163087,33.93911,67.709953
54066,Albania,all_energy_types,2019,0.1107482409326914,0.08908229857345225,38.2684,2879.92,38.455318527143604,2.893986707902379,4.031301559,41.153332,20.168331
54072,Algeria,all_energy_types,2019,2.643502654452609,6.429790182459667,509.066,43030.4,61.43337395080243,5.192848578480215,145.987969135,28.033886,1.659626
54078,American Samoa,all_energy_types,2019,0.00491150889581863,0,NA,55.312,88.79644373406562,0,0.35542766,-14.270972,-170.132217
54084,Angola,all_energy_types,2019,0.372427780585,3.5102084014823185,193.826,31849.8,11.693253351198438,1.9214541938903968,17.644576606,-11.202692,17.873887
54090,Antarctica,all_energy_types,2019,1.865087e-4,0,NA,NA,0,0,0.013782287,-75.250973,-0.071389
54096,Antigua and Barbuda,all_energy_types,2019,0.0104000061,1.3356e-4,2.12893,97.0566,107.15403280147872,4.885085982160052,0.7348894,17.060816,-61.796428
54102,Argentina,all_energy_types,2019,3.545507099370268,3.493367836166464,833.501,44832.7,79.08305989535022,4.253752664208283,191.358658271,-38.416097,-63.616672
54108,Armenia,all_energy_types,2019,0.15681441220195597,0.04490399116,35.5628,2957.09,53.0299761596556,4.409506906147884,5.976457104,40.069099,45.038189
54114,Aruba,all_energy_types,2019,0.01856476484799999,0.001306323648,3.20784,106.298,174.64829863214734,5.787310105242156,1.20493081,12.52111,-69.968338
54120,Australia,all_energy_types,2019,6.394487619108519,18.95493672083794,1226.586,25407.68,251.67538394330057,5.213240342795792,410.865148205,-25.274398,133.775136
54126,Austria,all_energy_types,2019,1.5220260353460784,0.5674874989252223,467.708,8885.205,171.29892167328478,3.254222795731692,63.844027897,47.516231,14.550072
54132,Azerbaijan,all_energy_types,2019,0.6472366689189806,2.518580542592398,145.705,10041.2,64.45809952186796,4.442103352108579,33.285637886,40.143105,47.576927
54138,Bahrain,all_energy_types,2019,0.8130655406214,1.1156651018182526,70.4457,1483.76,547.9764521360597,11.541734138796263,39.014442502,25.930414,50.637772
54144,Bangladesh,all_energy_types,2019,1.616632735748046,1.1091070821938185,798.113,163021,9.916714630311716,2.025568729926772,90.78163083,23.684994,90.356331
54150,Barbados,all_energy_types,2019,0.024030263052293,0.003049203384821,4.52673,286.99,83.73205704830481,5.30852581273745,1.702104465,13.193887,-59.543198
54156,Belarus,all_energy_types,2019,0.9691333127787114,0.08539150316922593,178.892,9449.62,102.55791373396087,5.417421197027879,56.523597698,53.709807,27.953389
54162,Belgium,all_energy_types,2019,2.6911279074035623,0.630353981382,557.634,11497.32,234.06566986076427,4.825975294554425,132.279624636,50.503887,4.469936
54168,Belize,all_energy_types,2019,0.01231617632,0.00740675942,2.78824,390.339,31.55251286702072,4.417186583651335,0.577712955,17.189877,-88.49765
54174,Benin,all_energy_types,2019,0.09997977143553552,7.265664e-5,38.0152,11807.2,8.467695256753126,2.629994618877068,7.736424191,9.30769,2.315834
54180,Bermuda,all_energy_types,2019,0.0110296034,0,6.64648,62.5574,176.31172970743668,1.6594653711438234,0.797279806,32.321384,-64.75737
54186,Bhutan,all_energy_types,2019,0.07639004001113224,0.08280515127961671,8.10603,762.867,100.13546268370796,9.423853601717765,0.967306365,27.514162,90.433601
54192,Bolivia,all_energy_types,2019,0.311932658697,0.6942792443655301,89.7455,11513,27.09395107243985,3.475747070293218,18.335565837,-16.290154,-63.588653
54198,Bosnia and Herz.,all_energy_types,2019,0.2373040737305843,0.15308856620793218,47.1135,3304.39,71.81478994022628,5.036859365799278,17.266938088,43.915886,17.679076
54204,Botswana,all_energy_types,2019,0.07854526409711277,0.04722272332661528,36.97997,2302.775,34.10896162113657,2.123994803054539,6.188921367,-22.328474,24.684866
54210,Brazil,all_energy_types,2019,12.557423835357312,12.713242877624022,3041.299,211246.2,59.44449573699935,4.128967206235662,453.443272227,-14.235004,-51.92528
54216,British Virgin Islands,all_energy_types,2019,0.002406731032,1.3872432e-5,1.44981,30.0137,80.1877486614446,1.6600320262655106,0.216635316,18.420695,-64.639968
54222,Brunei,all_energy_types,2019,0.1798366962608,0.7275022125763975,26.6516,433.149,415.1843736469437,6.747688553812904,10.22519768,4.535277,114.727669
54228,Bulgaria,all_energy_types,2019,0.7332243199908047,0.4503569411701565,149.2549,6969.69,105.2018554614057,4.912564478558524,41.542759685,42.733883,25.48583
54234,Burkina Faso,all_energy_types,2019,0.0660440724,0.00191436,39.3968,20333.3,3.248074459138458,1.6763816452097633,4.391342618,12.238333,-1.561593
54240,Burma,all_energy_types,2019,0.5771641983724072,0.8169968267344525,275.791,54067.4,10.674902036576702,2.092759366231701,32.968880216,NA,NA
54246,Burundi,all_energy_types,2019,0.012540838052,0.002081648352,8.84175,11536.2,1.0870856999705276,1.4183660533265474,0.67983302,-3.373056,29.918886
54252,Cabo Verde,all_energy_types,2019,0.0145917944,7.92456e-4,3.77316,549.825,26.5389794934752,3.867260969585175,1.001529634,NA,NA
54258,Cambodia,all_energy_types,2019,0.22469348641529585,0.0375241272,69.1922,16482.4,13.632328205558402,3.2473817340003035,11.890895952,12.565679,104.990963
54264,Cameroon,all_energy_types,2019,0.16053274132133993,0.2973821982338688,88.9149,25885.9,6.201551474792838,1.8054650156648653,7.245713401,7.369722,12.354722
54270,Canada,all_energy_types,2019,14.97790517950626,23.5186004308814,1737.87,37601.23,398.3355113517898,8.61854176636127,613.089866972,56.130366,-106.346771
54276,Cayman Islands,all_energy_types,2019,0.01139856546,1.4393316e-4,3.77842,64.9202,175.57810142297774,3.0167544793855634,0.667298,19.513469,-80.566956
54282,Central African Rep.,all_energy_types,2019,0.0053177662,0.0013356,4.13773,4751.85,1.119093868703768,1.285189270445389,0.278282,6.611111,20.939444
54288,Chad,all_energy_types,2019,0.0251233299,0.291612936,24.9406,15956.2,1.5745183627680777,1.0073266040111304,1.7162899,15.454166,18.732207
54294,Chile,all_energy_types,2019,1.560052674194422,0.4322306133785894,439.69,18922.75,82.44323231001954,3.548074038969324,86.874650457,-35.675147,-71.542969
54300,China,all_energy_types,2019,151.60888604436144,123.59135959298148,23128.34,1434512,105.68673252253132,6.555113166114016,10608.600386434,35.86166,104.195397
54306,Colombia,all_energy_types,2019,1.753107333274276,5.073328043963993,690.987,50225.2,34.9049348389708,2.5371061008011377,75.94596771,4.570868,-74.297333
54312,Comoros,all_energy_types,2019,0.0045497505,3.5616e-6,2.384,851.027,5.346188193794086,1.9084523909395976,0.301926504,-11.875001,43.872219
54318,Congo,all_energy_types,2019,0.08692788392484,0.7664154790154,17.937,5382.29,16.150724677570327,4.846288895848804,4.4339781,NA,NA
54324,Dem. Rep. Congo,all_energy_types,2019,0.11928103224579682,0.13348309430398478,80.9978,86840.5,1.3735645493266029,1.4726453341423698,2.641757936,NA,NA
54330,Cook Islands,all_energy_types,2019,0.001671732316,9.5531016e-5,NA,NA,0,0,0.1123327,-21.236736,-159.777671
54336,Costa Rica,all_energy_types,2019,0.22663028124463863,0.10046142792,94.3605,5046.06,44.91232392096777,2.401749474034565,7.923880021,9.748917,-83.753428
54342,Croatia,all_energy_types,2019,0.36475912689084233,0.14180544164829492,110.2903,4064.95,89.7327462553887,3.307263892571172,17.147887659,45.1,15.2
54348,Cuba,all_energy_types,2019,0.3715685526254388,0.14512363925665542,152.228,11330.8,32.79279067898461,2.4408686485103845,22.496372604,21.521757,-77.781167
54354,Cyprus,all_energy_types,2019,0.11892190713268976,0.00458556,33.8259,888.005,133.92031253505303,3.5157056318587165,8.226035335,35.126413,33.429859
54360,Czechia,all_energy_types,2019,1.730213284965265,0.9978992060582436,410.036,10677.38,162.04474177797033,4.219661895456167,104.272224724,49.817492,15.472962
54366,Côte d’Ivoire,all_energy_types,2019,0.212106033525,0.1916768186549739,141.232,25731.3,8.243113776801017,1.5018270188413392,10.798183713,NA,NA
54372,Denmark,all_energy_types,2019,0.7221965500121932,0.5454939169824893,308.2223,5816.505,124.16331628911058,2.343102851455567,36.120050677,56.26392,9.501785
54378,Djibouti,all_energy_types,2019,0.0086314065,8.904e-6,5.84841,973.201,8.86908922206204,1.4758552324477936,0.67469826,11.825138,42.590275
54384,Dominica,all_energy_types,2019,0.002693758912,1.88568912e-4,0.802973,71.808,37.51335383244207,3.354731618622295,0.185983702,15.414999,-61.370976
54390,Dominican Rep.,all_energy_types,2019,0.418997508110365,0.01838676,190.149,10736.3,39.0262481590832,2.20352201752502,25.265246857,18.735693,-70.162651
54396,Ecuador,all_energy_types,2019,0.7387865722001973,1.4069200819758962,183.665,17357.2,42.56369530801035,4.022467929111139,37.349371309,-1.831239,-78.183406
54402,Egypt,all_energy_types,2019,4.0218166746292425,4.050868391182273,1291.81,100370,40.06990808637284,3.1133190443093355,235.494498177,26.820553,30.802498
54408,El Salvador,all_energy_types,2019,0.15568365354897992,0.03770844,52.962,6453.51,24.123872675331707,2.9395350165964262,7.04650887,13.794185,-88.89653
54414,E. Guinea,all_energy_types,2019,0.07809995135100027,0.49693561728680097,21.3042,1355.99,57.59625908081938,3.665941520967709,4.669231827,1.650801,10.267895
54420,Eritrea,all_energy_types,2019,0.0112780475,2.13696e-4,6.02485,3505.71,3.2170508969652367,1.87192170759438,0.74245581,15.179384,39.782334
54426,Estonia,all_energy_types,2019,0.10143948562804142,0.01964943624,45.198,1328.98,76.32882784394154,2.2443357145900573,5.509905901,58.595272,25.013607
54432,eSwatini,all_energy_types,2019,0.02224564255758231,0.00580176363262209,10.5029,1148.38,19.37132530833201,2.1180476399453783,1.203506529,NA,NA
54438,Ethiopia,all_energy_types,2019,0.3608705784410121,0.1259657784,231.935,112109,3.218926031282164,1.555912554987441,14.060422857,9.145,40.489673
54444,Falkland Islands,all_energy_types,2019,7.0601e-4,5.96568e-5,NA,NA,0,0,0.04640807,NA,NA
54450,Faroe Islands,all_energy_types,2019,0.013316805,0.0014762832,NA,NA,0,0,0.869814783,61.892635,-6.911806
54456,Fiji,all_energy_types,2019,0.02928069497518181,0.005737942392,12.1234,890.116,32.895369789085706,2.4152213879919677,1.649180054,-16.578193,179.414413
54462,Finland,all_energy_types,2019,1.1961191624818506,0.537721549745,252.9957,5522.524,216.589219436955,4.727824079547006,44.65256288,61.92411,25.748151
54468,Former Czechoslovakia,all_energy_types,2019,NA,NA,NA,NA,NA,NA,NA,NA,NA
54474,Former Serbia and Montenegro,all_energy_types,2019,NA,NA,NA,NA,NA,NA,NA,NA,NA
54480,Former U.S.S.R.,all_energy_types,2019,NA,NA,NA,NA,NA,NA,NA,NA,NA
54486,Former Yugoslavia,all_energy_types,2019,NA,NA,NA,NA,NA,NA,NA,NA,NA
54492,France,all_energy_types,2019,10.160861615462064,5.139980785934488,2918.618,67266.75,151.0532561103675,3.481394829834553,341.980653833,46.227638,2.213749
54498,French Guiana,all_energy_types,2019,0.016399173608,0.004456024608,NA,NA,0,0,0.870318457,3.933889,-53.125782
54504,French Polynesia,all_energy_types,2019,0.0160996454,0.0019597704,NA,NA,0,0,1.029653081,-17.679742,-149.406843
54510,Gabon,all_energy_types,2019,0.05819153204367,0.46106271092212486,30.7828,2172.09,26.79057131319144,1.890391128931416,3.278674777,-0.803689,11.609444
54516,"Gambia, The",all_energy_types,2019,0.0083266765,2.76024e-5,5.2609,2349.08,3.544654290190202,1.582747533691954,0.5941987,NA,NA
54522,Georgia,all_energy_types,2019,0.2529390632559227,0.08078560311483281,53.4418,3995.69,63.30297476929459,4.732981734446121,9.84778636,42.315407,43.356892
54528,Germany,all_energy_types,2019,13.533301071094243,4.528923405084679,4182.05,83111.4,162.83327041891056,3.236044779735834,781.596225481,51.165691,10.451526
54534,"Germany, East",all_energy_types,2019,NA,NA,NA,NA,NA,NA,NA,NA,NA
54540,"Germany, West",all_energy_types,2019,NA,NA,NA,NA,NA,NA,NA,NA,NA
54546,Ghana,all_energy_types,2019,0.3419199201387959,0.5592951214360795,183.3466,30422.45,11.23906589176072,1.8648827965110664,17.630249841,7.946527,-1.023194
54552,Gibraltar,all_energy_types,2019,0.19150255921288,0,NA,NA,0,0,13.83733,36.137741,-5.345374
54558,Greece,all_energy_types,2019,1.1580923347440768,0.2946145901036986,300.5935,10720.85,108.0224361635576,3.85268588556997,73.672821577,39.074208,21.824312
54564,Greenland,all_energy_types,2019,0.0120167632,0.0035616,5.17249,56.6932,NA,NA,0.612110253,71.706936,-42.604303
54570,Grenada,all_energy_types,2019,0.00445630588,3.111948e-5,1.78501,111.971,39.79875039072617,2.496515918678327,0.317136381,12.262776,-61.604171
54576,Guadeloupe,all_energy_types,2019,0.0293243893,0.0019802496,10.8742,399.978,73.31500557530664,2.696693945301724,1.90047837,16.995971,-62.067641
54582,Guam,all_energy_types,2019,0.02555698699993223,6.05472e-4,NA,167.294,152.7669073602893,0,1.82829707,13.444304,144.793731
54588,Guatemala,all_energy_types,2019,0.34127249318700514,0.09236489661374468,144.896,17582,19.410334045444497,2.355292714685051,19.708437412,15.783471,-90.230759
54594,Guinea,all_energy_types,2019,0.0528053037,0.011673144,28.567,12777.7,4.132614140259984,1.848472142682116,2.980732599,9.945587,-9.696645
54600,Guinea-Bissau,all_energy_types,2019,0.0047274664,1.7808e-5,3.63339,1921.84,2.459864712983391,1.3011172486300673,0.341846886,11.803749,-15.180413
54606,Guyana,all_energy_types,2019,0.0380496592,2.439696e-4,10.1827,782.779,48.608431243045615,3.7366964753945417,2.321942783,4.860416,-58.93018
54612,Haiti,all_energy_types,2019,0.044718044,0.001193136,31.908,11262.5,3.970525549389567,1.4014680957753545,3.457576199,18.971187,-72.285215
54618,Hawaiian Trade Zone,all_energy_types,2019,NA,NA,NA,NA,NA,NA,NA,NA,NA
54624,Honduras,all_energy_types,2019,0.192975672908343,0.056638344,51.0377,9746.08,19.800337459608684,3.781041718344341,10.050869894,15.199999,-86.241905
54630,Hong Kong,all_energy_types,2019,1.2804856786532357,0.001301616,441.164,7444.312,172.00859913625806,2.9025162494066503,97.454364217,22.396428,114.109497
54636,Hungary,all_energy_types,2019,1.057309327657573,0.3706087276472865,309.9521,9770.737,108.21182963553036,3.4112023362886488,49.473804477,47.162494,19.503304
54642,Iceland,all_energy_types,2019,0.2176014661341176,0.17228714664,19.3761,338.965,NA,NA,3.871221764,64.963051,-19.020835
54648,India,all_energy_types,2019,31.782739499292763,17.785372015287077,9310.29,1368140,23.230619307448627,3.413721752952138,2308.332020002,20.593684,78.96288
54654,Indonesia,all_energy_types,2019,8.042739296391945,17.05915167742517,3227.667,270984,29.67975709411605,2.4918119794860947,529.404672898,-0.789275,113.921327
54660,Iran,all_energy_types,2019,12.063298399615196,16.054438293434764,1099.27,82886.6,145.53979050431792,10.973917599511672,642.964293906,32.427908,53.688046
54666,Iraq,all_energy_types,2019,2.483367381359099,10.604831951884652,426.217,39309.8,63.174256326898096,5.826532919520101,154.661243618,33.223191,43.679291
54672,Ireland,all_energy_types,2019,0.6605973345313404,0.2035954748406646,416.234,4941.865,133.67369091048428,1.587081628438187,37.056083624,53.41291,-8.24389
54678,Israel,all_energy_types,2019,0.9650156144360088,0.41183789892540273,349.752,8518.31,113.2872147686582,2.7591425193737527,64.594443709,31.046051,34.851612
54684,Italy,all_energy_types,2019,6.7233638597735474,1.4434116058284985,2340.371,59910.75,112.22299603616293,2.8727769485152344,339.577060466,41.87194,12.56738
54690,Jamaica,all_energy_types,2019,0.14650051108928164,0.004443096,26.7529,2947.72,49.69960209561344,5.476060953738909,8.071670366,18.109581,-77.297508
54696,Japan,all_energy_types,2019,18.98367230131041,2.77044094852106,5359.05,126840.2,149.66605462077806,3.5423577502188657,1140.949687525,36.204824,138.252924
54702,Jordan,all_energy_types,2019,0.3958256401202212,0.03032215715458463,94.7813,10064,39.33084659382166,4.17619973687026,24.328952101,30.585164,36.238414
54708,Kazakhstan,all_energy_types,2019,3.352725527721704,8.140283907626134,464.79,18544.5,180.79352518114288,7.213420098800972,269.713173947,48.019573,66.923684
54714,Kenya,all_energy_types,2019,0.33172224018206303,0.084338688,211.4738,52587.9,6.307957537419502,1.5686209836966234,18.746653189,-0.023559,37.906193
54720,Kiribati,all_energy_types,2019,0.001099096948,4.3068648e-5,0.234263,117.742,9.33479088175842,4.691722329177036,0.07528207,-3.370417,-168.734039
54726,Kosovo,all_energy_types,2019,0.09205948325140108,0.06551335021403694,20.2266,1794.25,51.308058103052026,4.551406724382797,7.7258036,42.602636,20.902977
54732,Kuwait,all_energy_types,2019,1.6070404956704598,7.123551451550373,180.991,4199.08,382.7125217120083,8.879118274778634,92.889166266,29.31166,47.481766
54738,Kyrgyzstan,all_energy_types,2019,0.2249357187795634,0.1648401510169143,29.7684,6412.7,35.07660092933763,7.556191087850317,9.123794565,41.20438,74.766098
54744,Laos,all_energy_types,2019,0.5247100624195927,0.4950702490739813,53.3016,7168.05,73.20122800756032,9.844170952083854,29.94530902,19.85627,102.495496
54750,Latvia,all_energy_types,2019,0.1651698668090886,0.03134387168,55.5939,1906.29,86.64466938875438,2.971007013522861,7.8724457900000004,56.879635,24.603189
54756,Lebanon,all_energy_types,2019,0.3652469873293488,0.00703416,92.4576,6823.42,53.52843403005365,3.9504268694985454,25.478354557,33.854721,35.862285
54762,Lesotho,all_energy_types,2019,0.0166258239,0.004460904,6.32009,2125.34,7.822665502931296,2.63063087709194,0.71763765,-29.609988,28.233608
54768,Liberia,all_energy_types,2019,0.0187257017,3.5616e-5,5.60223,4940.59,3.79017520174716,3.3425442546985757,1.34566552,6.428055,-9.429499
54774,Libya,all_energy_types,2019,0.598120047960299,2.8935859312996457,84.2519,6774.43,88.29083007135641,7.099187649896312,39.866451985,26.3351,17.228331
54780,Lithuania,all_energy_types,2019,0.28402072354869745,0.03051425082586937,97.4069,2794.09,101.650527917389,2.9158172937307056,14.25507877,55.169438,23.881275
54786,Luxembourg,all_energy_types,2019,0.19271581820916767,0.00776366472,66.2214,621.528,310.0677977648115,2.910174327470693,11.169565111,49.815273,6.129583
54792,Macau,all_energy_types,2019,0.05213673884428,0.001932168,79.3202,640.421,81.4101018615567,0.6572945963862925,2.013405144,22.198745,113.543873
54798,Madagascar,all_energy_types,2019,0.06225729073315466,0.006807108,43.6525,26984.2,2.307175707753228,1.426202181619716,3.391414709,-18.766947,46.869107
54804,Malawi,all_energy_types,2019,0.03369649196298597,0.01364115552315116,28.3955,18643.4,1.807422034767584,1.186684226831222,1.508163994,-13.254308,34.301525
54810,Malaysia,all_energy_types,2019,3.960816328272295,4.514935801613448,908.76,32005.27,123.75512933564674,4.35848444943912,247.428983914,4.210484,101.975766
54816,Maldives,all_energy_types,2019,0.0316927831,2.226e-5,10.0602,525.827,60.272262740407015,3.1503134231923817,2.036072914,3.202778,73.22068
54822,Mali,all_energy_types,2019,0.086468843,0.00930468,43.3564,19671.4,4.395662891304127,1.994373218256128,5.257908981,17.570692,-3.996166
54828,Malta,all_energy_types,2019,0.1377687293291359,0.00194623632,21.5613,514.564,267.73876394216444,6.389630000470096,9.191731982,35.937496,14.375416
54834,Martinique,all_energy_types,2019,0.031521281896,8.55220296e-4,7.25285,375.492,83.94661376540645,4.3460545710996366,2.24158345,14.641528,-61.024174
54840,Mauritania,all_energy_types,2019,0.0614039489,0.004086936,19.2667,4528.99,13.55797846760536,3.187050657351804,3.87875476,21.00789,-10.940835
54846,Mauritius,all_energy_types,2019,0.10084678090302192,0.006268416,27.95627,1269.345,79.44788918932356,3.607304583301775,6.938191586,-20.348404,57.552152
54852,Mexico,all_energy_types,2019,7.986493522100019,5.90985687062291,2384.142,127745.8,62.51863875055006,3.3498397000262643,456.148338455,23.634501,-102.552784
54858,Micronesia,all_energy_types,2019,0.0024597837,0,NA,NA,0,0,0.18151256,7.425554,150.550812
54864,Moldova,all_energy_types,2019,0.1431171422216672,0.003341193385614,30.9415,3542.7,40.39775939866971,4.6254106045817815,7.975804163,47.411631,28.369885
54870,Mongolia,all_energy_types,2019,0.2678326524908135,1.4843864689034518,39.254,3223.46,83.08856089134456,6.82306650254276,20.901836824,46.862496,103.846656
54876,Montenegro,all_energy_types,2019,0.04853441755334656,0.033207896439284,11.9806,627.896,77.29690514567152,4.051084048657543,2.524134994,42.708678,19.374389999999998
54882,Montserrat,all_energy_types,2019,4.661798e-4,0,NA,NA,0,0,0.033486782,16.742498,-62.187366
54888,Morocco,all_energy_types,2019,0.896850428975055,0.06406431593566074,275.648,36467.5,24.593142633168025,3.2536076045356936,59.02569629,31.791702,-7.09262
54894,Mozambique,all_energy_types,2019,0.24634026197587583,0.6860343368316907,38.10749,30386.6,8.106871514940002,6.464352860182495,7.785808405,-18.665695,35.529562
54900,Namibia,all_energy_types,2019,0.0743727378746098,0.008868384,24.41,2494.82,29.810863258515564,3.04681433324907,3.90852628,-22.95764,18.49041
54906,Nauru,all_energy_types,2019,9.115247e-4,0,NA,NA,0,0,0.083366555,-0.522778,166.931503
54912,Nepal,all_energy_types,2019,0.14932116086732797,0.03816312722921974,101.266,28635.4,5.214565218831515,1.4745438831130682,8.30706762,28.394857,84.124008
54918,Netherlands,all_energy_types,2019,3.8179563429203327,1.4111446825769784,934.921,17360.55,219.92139321163972,4.083720809480515,216.830355385,52.132633,5.291266
54924,Netherlands Antilles,all_energy_types,2019,0.191219495,0.00271572,2.80876,163.395,NA,NA,14.496783,12.226079,-69.060087
54930,New Caledonia,all_energy_types,2019,0.0758392169059482,0.00360612,NA,NA,0,0,6.032140267,-20.904305,165.618042
54936,New Zealand,all_energy_types,2019,0.925824102221751,0.5946918269546112,198.6641,4956.083,186.80560882893832,4.66024864191241,38.962262785,-40.900557,174.885971
54942,Nicaragua,all_energy_types,2019,0.0976352016,0.024788736,33.5562,6544.65,14.918322843849555,2.909602446045738,5.027809,12.865416,-85.207229
54948,Niger,all_energy_types,2019,0.0358901867134442,0.02915687881344419,28.87,23338.6,1.5378037548715089,1.2431654559558087,2.276804081,17.607789,8.081666
54954,Nigeria,all_energy_types,2019,1.7014146282060918,6.024305327190176,1015.889,201050.8,8.462610585016781,1.674803672651335,101.193925365,9.081999,8.675277
54960,Niue,all_energy_types,2019,1.100056e-4,0,NA,NA,0,0,0.007517555,-19.054445,-169.867233
54966,North Korea,all_energy_types,2019,0.32365671213110686,0.5724834214890987,43.1394,25662.5,12.612049181923307,7.5025779712074545,20.153995305,40.339852,127.510093
54972,North Macedonia,all_energy_types,2019,0.111615056057727,0.04496409686727226,31.7368,2082.92,53.58585834200401,3.5168969794600278,6.539300393,NA,NA
54978,Northern Mariana Islands,all_energy_types,2019,0,0,NA,57.216,0,0,0,17.33083,145.38469
54984,Norway,all_energy_types,2019,1.786945046065374,8.857427879421154,330.2825,5352.817,333.8326428991266,5.410353397668281,38.055784902,60.472024,8.468946
54990,Oman,all_energy_types,2019,1.3485596673544158,3.406913519641808,141.208,4618,292.02244853928454,9.55016477362767,75.869640578,21.512583,55.923255
54996,Pakistan,all_energy_types,2019,3.4344142024185045,1.9276637904420648,1039.88,216564,15.858657036342626,3.302702429528892,192.896993866,30.375321,69.345116
55002,Palestinian Territories,all_energy_types,2019,0.06784084920399999,2.457504e-6,14.0824,4986.96,13.603648155188733,4.8174209796625576,3.277635491,31.952162,35.233154
55008,Panama,all_energy_types,2019,0.4201700798323487,0.073876488,118.865,4245.43,98.96997002243558,3.5348511322285674,26.79318633,8.537981,-80.782127
55014,Papua New Guinea,all_energy_types,2019,0.099309336646567,0.5054990798873973,32.4518,8777.36,11.31426039795189,3.0602104242774515,6.323287075,-6.314993,143.95555
55020,Paraguay,all_energy_types,2019,0.4422268356835864,0.44736365784,86.3046,7044.04,62.78028456448095,5.124023930168107,8.338166715,-23.442503,-58.443832
55026,Peru,all_energy_types,2019,1.1855060965141535,1.1672519969393036,402.28,32462.7,36.51902326405855,2.9469675263849897,52.918496178,-9.189967,-75.015152
55032,Philippines,all_energy_types,2019,2.085843453132066,0.6818019186335863,949.711,108296.2,19.260541488363085,2.196292822903037,135.216311732,12.879721,121.774017
55038,Poland,all_energy_types,2019,4.2898242065685785,2.361311534711677,1217.987,37963.62,112.99829169527509,3.522060749883684,319.670314026,51.919438,19.145136
55044,Portugal,all_energy_types,2019,1.0467108404019243,0.2587570944,342.6999,10288.67,101.7343194408922,3.0543073995700736,53.518320981,39.399872,-8.224454
55050,Puerto Rico,all_energy_types,2019,0.2957352831149226,0.02424683856,66.9118,2961.78,99.85052337274294,4.419777724032571,20.150917372,18.220833,-66.590149
55056,Qatar,all_energy_types,2019,2.046976960031,9.652516999837069,247.046,2828.95,723.5818802138602,8.285813006610105,105.34120271,25.354826,51.183884
55062,Reunion,all_energy_types,2019,0.0483209597,0.0096501552,24.8272,888.916,54.35942170013814,1.9462911524457047,2.722415119,NA,NA
55068,Romania,all_energy_types,2019,1.3888732863664268,1.0358510701042891,522.905,19360.95,71.73580254927712,2.6560719181618597,73.684118621,45.943161,24.96676
55074,Russia,all_energy_types,2019,33.24653323419811,64.27799556226529,3770.42,145876.3,227.90907936517524,8.817726734474704,1798.242238512,61.52401,105.318756
55080,Rwanda,all_energy_types,2019,0.02152290012,0.004532136,27.008,12628.5,1.7043116854733342,0.7969083279028436,1.10937668,-1.940278,29.873888
55086,Saint Helena,all_energy_types,2019,1.834565e-4,0,NA,NA,0,0,0.0098209,-24.143474,-10.030696
55092,Saint Kitts and Nevis,all_energy_types,2019,0.0037990768,6.76704e-5,1.36317,52.7944,71.95984422590274,2.7869427877667494,0.268462136,17.357822,-62.782998
55098,Saint Lucia,all_energy_types,2019,0.009299183248,2.8154448e-5,2.71244,182.738,50.888065142444376,3.4283461562283404,0.451661075,13.909444,-60.978893
55104,Saint Pierre and Miquelon,all_energy_types,2019,0.001273758,0,NA,NA,0,0,0.0988793,46.941936,-56.27111
55110,Saint Vincent/Grenadines,all_energy_types,2019,0.0030768488,2.226e-4,1.34094,110.573,27.8264024671484,2.2945462138499857,0.2392802,NA,NA
55116,Samoa,all_energy_types,2019,0.00535251072,3.5731752e-4,1.09107,197.43,27.1109290381401,4.905744562677005,0.324490111,-13.759029,-172.104629
55122,Sao Tome and Principe,all_energy_types,2019,0.0025033078,8.904e-5,1.06389,215.136,11.63593168972185,2.352976153549709,0.158288716,NA,NA
55128,Saudi Arabia,all_energy_types,2019,10.161014745852016,27.86116043221723,1771.04,34218,296.94940516254644,5.737315219222612,567.98859898,23.885942,45.079162
55134,Senegal,all_energy_types,2019,0.15032936686163537,0.0085116596394,54.8701,16302.4,9.221302805822171,2.739731964433004,9.558694385,14.497401,-14.452362
55140,Serbia,all_energy_types,2019,0.6819850201906874,0.45543813519633486,121.686,6945.23,98.19473511902233,5.604465757693469,47.041072192,44.016521,21.005859
55146,Seychelles,all_energy_types,2019,0.0159308712,4.452e-5,2.532797,97.69933,163.0601888467403,6.289833413416077,1.1521043,-4.679574,55.491977
55152,Sierra Leone,all_energy_types,2019,0.014085333068,0.001691243568,13.8469,7814.13,1.8025465493919348,1.0172192380966136,0.985050284,8.460555,-11.779889
55158,Singapore,all_energy_types,2019,3.64527770071088,0.0533574912,545.403,5696.185,639.9507215286864,6.683640722018177,244.056494874,1.352083,103.819836
55164,Slovakia,all_energy_types,2019,0.7073341851156353,0.24776157612022429,181.3875,5455.077,129.66529805457105,3.89957513674115,34.50052687,48.669026,19.699024
55170,Slovenia,all_energy_types,2019,0.28259840772188605,0.13733046457966674,76.4882,2095.86,134.83649085429658,3.694666729271784,14.248656405,46.151241,14.995463
55176,Solomon Islands,all_energy_types,2019,0.004658358804,5.0316504e-5,1.54738,669.929,6.953511198947949,3.0104814615672946,0.338062091,-9.64571,160.156194
55182,Somalia,all_energy_types,2019,0.0124096426,1.531488e-4,10.8476,15474,0.8019673387617939,1.1439989122017773,0.882390681,5.152149,46.199616
55188,South Africa,all_energy_types,2019,5.645541040096414,5.913388642824927,785.223,58650.23,96.25778176993362,7.189729592862682,455.448598942,-30.559482,22.937506
55194,South Korea,all_energy_types,2019,12.41399840322636,1.6544696108078791,2160.64,51224.18,242.3464544132549,5.745519106943481,702.961082317,35.907757,127.766922
55200,S. Sudan,all_energy_types,2019,0.0265936582,0.29157891809331027,17.3349,11062.1,2.4040334294573364,1.5341108515191897,1.675889,NA,NA
55206,Spain,all_energy_types,2019,5.789465678505985,1.5505969224497995,1796.293,47184.25,122.6991141854747,3.2230074261303607,293.779473717,40.463667,-3.74922
55212,Sri Lanka,all_energy_types,2019,0.3682137448148051,0.045312456,276.987,21318.2,17.272271806006376,1.3293538859758944,22.809417184,7.873054,80.771797
55218,Sudan,all_energy_types,2019,0.3447125976,0.19987059347831737,187.629,42837.3,8.047019714127641,1.837203191404314,18.36376,12.862807,30.217636
55224,Suriname,all_energy_types,2019,0.04787891985976,0.0482108195175012,9.20889,581.256,82.37148495630153,5.199206403785907,2.314032735,3.919305,-56.027783
55230,Sweden,all_energy_types,2019,2.1701954131401866,1.55425693132,524.62,10291.05,210.8818257748419,4.136699731501252,47.079863482,60.128161,18.643501
55236,Switzerland,all_energy_types,2019,1.209211449441589,0.6465395124,590.958,8606.035,140.50738225461427,2.0461884760703626,38.8391437,46.818188,8.227512
55242,Syria,all_energy_types,2019,0.4266317284201507,0.2235393672647546,53.6025,17365.7,24.567493877019103,7.959175941796571,30.957562784,34.802075,38.996815
55248,Taiwan,all_energy_types,2019,3.791314941699021,0.4541673484860893,1232.274,23597.12,160.6685452164934,3.076681762091078,283.193662206,23.69781,120.960515
55254,Tajikistan,all_energy_types,2019,0.2576709581101064,0.21616440483079488,35.11,9318.52,27.651489518733275,7.338962065226614,6.870917512,38.861034,71.276093
55260,Tanzania,all_energy_types,2019,0.19349867419364652,0.09131213083197108,153.3535,58042.93,3.333716512823294,1.261781923422984,11.481377071,-6.369028,34.888822
55266,Thailand,all_energy_types,2019,5.342952068388166,2.737214010174651,1248.417,69647.88,76.71377891743677,4.279781570090896,303.667169932,15.870032,100.992541
55272,The Bahamas,all_energy_types,2019,0.05471466227598497,3.1101672e-5,13.643,389.415,140.5047629803294,4.010456811257419,3.982675282,NA,NA
55278,Timor-Leste,all_energy_types,2019,0.0074223259,0.234930023182,4.05685,1293.38,5.738704711685661,1.8295785892995795,0.53420808,-8.874217,125.727539
55284,Togo,all_energy_types,2019,0.03324229249294778,8.28072e-4,16.8355,8085.32,4.1114380745533605,1.974535504912107,2.255794107,8.619543,0.824782
55290,Tonga,all_energy_types,2019,0.0023868576,0,0.574064,104.465,22.848395156272435,4.157824911508125,0.150016259,-21.178986,-175.198242
55296,Trinidad and Tobago,all_energy_types,2019,0.7309107039460091,1.4818382494334443,33.9752,1394.35,NA,NA,40.485352133,10.691803,-61.222503
55302,Tunisia,all_energy_types,2019,0.4164024226338327,0.12244566043317304,122.68,11690.2,35.61978602879615,3.394216030598572,25.326405225,33.886917,9.537499
55308,Turkey,all_energy_types,2019,6.609000040124458,2.102167737706334,2338.015,83524.67,79.12632327819384,2.826756902810486,397.800544326,38.963745,35.243322
55314,Turkmenistan,all_energy_types,2019,1.9639013559920369,3.6281478174764095,110.936,5940.01,330.62256730073466,17.703012151078433,97.306322119,38.969719,59.556278
55320,Turks and Caicos Islands,all_energy_types,2019,0.0033590329,0,NA,NA,0,0,0.23745,21.694025,-71.797928
55326,Tuvalu,all_energy_types,2019,0,0,NA,NA,0,0,0,-7.109535,177.64933
55332,U.S. Pacific Islands,all_energy_types,2019,0.0042433738,0,NA,NA,0,0,0.301545627,NA,NA
55338,U.S. Territories,all_energy_types,2019,0,0,NA,NA,0,0,0,NA,NA
55344,U.S. Virgin Islands,all_energy_types,2019,0.03390320411814777,6.446496e-5,1.883,95.668,NA,NA,2.438125286,18.335765,-64.896335
55350,Uganda,all_energy_types,2019,0.1302694487,0.048945288000000003,103.1059,44216.2,2.946192768713729,1.263452903277116,5.866205464,1.373333,32.290275
55356,Ukraine,all_energy_types,2019,3.4806444268431926,2.3344879269428014,487.698,42153.2,82.57129771507721,7.136884766480881,202.513341064,48.379433,31.16558
55362,United Arab Emirates,all_energy_types,2019,4.606967409958773,10.760580278914016,663.292,9764.9,471.78848835715394,6.945609791703763,274.042277491,23.424076,53.847818
55368,United Kingdom,all_energy_types,2019,8.095451414235999,5.4639569992516375,2992.817,66827.7,121.13915957359,2.70496038155223,411.167847675,55.378051,-3.435973
55374,United States of America,all_energy_types,2019,100.434067942,101.400918072,19925.43,330043.8,304.3052708216304,5.040496889753446,5277.192754,37.09024,-95.712891
55380,Uruguay,all_energy_types,2019,0.23159837522591076,0.13986732,78.0812,3461.37,66.90945354755797,2.9661221296023976,7.311541742,-32.522779,-55.765835
55386,Uzbekistan,all_energy_types,2019,1.9024315802028733,2.1913395838502714,257.435,32966.1,57.70872442305499,7.38994923069075,99.389348903,41.377491,64.585262
55392,Vanuatu,all_energy_types,2019,0.003262026984,8.9894784e-5,0.761102,299.933,10.875852220329207,4.285926175466626,0.234325792,-15.376706,166.959158
55398,Venezuela,all_energy_types,2019,2.447474728443394,3.5516998673783937,190.1472,28515.85,85.82857352817447,12.871473934106808,131.48505504,6.42375,-66.58973
55404,Vietnam,all_energy_types,2019,3.509085547214925,2.5563721056978084,915.504,96425.9,36.39152496595754,3.8329549048556046,241.806422052,14.058324,108.277199
55410,Wake Island,all_energy_types,2019,0.0194360456,0,NA,NA,0,0,1.273786855,NA,NA
55416,W. Sahara,all_energy_types,2019,0.0037120955,0,NA,NA,0,0,0.26303824,24.215527,-12.885834
55422,Yemen,all_energy_types,2019,0.1590196691139078,0.13327309682395452,53.0838,29162.2,5.452938019556406,2.9956346213705087,8.292505229,15.552727,48.516388
55428,Zambia,all_energy_types,2019,0.20709655688327613,0.1480037942473037,247.1819,17873.85,11.586566793571398,0.8378305890652841,7.09628982,-13.133897,27.849332
55434,Zimbabwe,all_energy_types,2019,0.16865080875848742,0.1434622068068248,37.6204,14654.2,11.508701174986516,4.482961604833744,8.964759021,-19.015438,29.154857
